{
  "Total" : {
    "transaction" : "Total",
    "sampleCount" : 5000,
    "errorCount" : 0,
    "errorPct" : 0.0,
    "meanResTime" : 2803.442599999998,
    "medianResTime" : 2211.0,
    "minResTime" : 162.0,
    "maxResTime" : 10262.0,
    "pct1ResTime" : 5968.900000000001,
    "pct2ResTime" : 6559.399999999998,
    "pct3ResTime" : 9216.99,
    "throughput" : 342.18450588557346,
    "receivedKBytesPerSec" : 317.45632870243634,
    "sentKBytesPerSec" : 38.094759444292364
  },
  "HTTP Request" : {
    "transaction" : "HTTP Request",
    "sampleCount" : 5000,
    "errorCount" : 0,
    "errorPct" : 0.0,
    "meanResTime" : 2803.442599999998,
    "medianResTime" : 2211.0,
    "minResTime" : 162.0,
    "maxResTime" : 10262.0,
    "pct1ResTime" : 5968.900000000001,
    "pct2ResTime" : 6559.399999999998,
    "pct3ResTime" : 9216.99,
    "throughput" : 342.18450588557346,
    "receivedKBytesPerSec" : 317.45632870243634,
    "sentKBytesPerSec" : 38.094759444292364
  }
}